Country,State/Province/Department,Zone/Region/Provincia,City/Canton/District/Municipality/Woreda/Municipio/Commune,Area/Towns/Village/Sector/Colonia/Kebele,Farm/Fazenda/MicroMill/CWS,1
Brazil,Minas Gerais,Cerrado Mineiro,,,Patrocinio,
Brazil,Minas Gerais,Cerrado Mineiro,,,Campos Altos,
Brazil,Minas Gerais,Chapada de Minas,,,Vale do Jequitinhonha,
Brazil,Minas Gerais,Chapada de Minas,,,Capelinha,
Brazil,Minas Gerais,Chapada de Minas,,,Mucuri,
Brazil,Minas Gerais,Sul de Minas,,,Poços de Caldas,
Brazil,Minas Gerais,Sul de Minas,,,Alfenas/Ilicinia,
Brazil,Minas Gerais,Sul de Minas,,,Carmo de Minas/Mantiqueira de Minas,
Brazil,Minas Gerais,Sul de Minas,,,ibiraci,
Brazil,Minas Gerais,Matas de Minas,,,Araponga/Caparao,
Brazil,Sao Paulo,San Sebastiao da Grama,,,,
Brazil,Sao Paulo,Mogiana /Alta Mogiana/Franca,,,,
Brazil,Espirito Santo,Montanhas do Espírito Santo,,,,
Brazil,Bahia,Chapada Diamantina,,,,
Brazil,Parana,,,,,
Ethiopia,Harari/Harrar,Harari/Harrar,Amir Nur,,,
Ethiopia,Harari/Harrar,Harari/Harrar,Abadir,,,
Ethiopia,Harari/Harrar,Harari/Harrar,Shenkor,,,
Ethiopia,Harari/Harrar,Harari/Harrar,Jin‘ala,,,
Ethiopia,Harari/Harrar,Harari/Harrar,Aboker,,,
Ethiopia,Harari/Harrar,Harari/Harrar,Hakim,,,
Ethiopia,Harari/Harrar,Harari/Harrar,Sofi,,,
Ethiopia,Harari/Harrar,Harari/Harrar,Erer,,,
Ethiopia,Harari/Harrar,Harari/Harrar,Dire Teyara,,,
Ethiopia,Oromia,Jimma,Agaro Town,,,
Ethiopia,Oromia,Jimma,Chora Botor,,,
Ethiopia,Oromia,Jimma,Dedo,,,
Ethiopia,Oromia,Jimma,Gera,,,
Ethiopia,Oromia,Jimma,Gomma,,,
Ethiopia,Oromia,Jimma,Guma,,,
Ethiopia,Oromia,Jimma,Kersa,,,
Ethiopia,Oromia,Jimma,Limmu Sakka/Saqqa,,,
Ethiopia,Oromia,Jimma,Limmu Kosa,,,
Ethiopia,Oromia,Jimma,Manna,,,
Ethiopia,Oromia,Jimma,Omo Nada,,,
Ethiopia,Oromia,Jimma,Seka Chekorsa,,,
Ethiopia,Oromia,Jimma,Setema,,,
Ethiopia,Oromia,Jimma,Shebe Senbo,,,
Ethiopia,Oromia,Jimma,Sigmo,,,
Ethiopia,Oromia,Jimma,Sokoru,,,
Ethiopia,Oromia,Jimma,Tiro Afeta,,,
Ethiopia,SNNPR,Keffa/Kaffa,Bita,,,
Ethiopia,SNNPR,Keffa/Kaffa,Bonga Town,,,
Ethiopia,SNNPR,Keffa/Kaffa,Chena,,,
Ethiopia,SNNPR,Keffa/Kaffa,Cheta,,,
Ethiopia,SNNPR,Keffa/Kaffa,Decha,,,
Ethiopia,SNNPR,Keffa/Kaffa,Gesha/Gecha,,,
Ethiopia,SNNPR,Keffa/Kaffa,Gewata,,,
Ethiopia,SNNPR,Keffa/Kaffa,Ginbo/Gimbo,,,
Ethiopia,SNNPR,Keffa/Kaffa,Adiyo,,,
Ethiopia,SNNPR,Keffa/Kaffa,Sayilem,,,
Ethiopia,SNNPR,Keffa/Kaffa,Telo,,,
Ethiopia,SNNPR,Sheka,Anderacha,,,
Ethiopia,SNNPR,Sheka,Masha,,,
Ethiopia,SNNPR,Sheka,Yeki,,,
Ethiopia,SNNPR,Bench Maji,Bero,,,
Ethiopia,SNNPR,Bench Maji,Debub Bench /South Bench,,,
Ethiopia,SNNPR,Bench Maji,Guraferda,,,
Ethiopia,SNNPR,Bench Maji,Maji,,,
Ethiopia,SNNPR,Bench Maji,Minit Goldiya,,,
Ethiopia,SNNPR,Bench Maji,Minit Shasha,,,
Ethiopia,SNNPR,Bench Maji,Mizan Aman Town,,,
Ethiopia,SNNPR,Bench Maji,Semien Bench /North Bench,,,
Ethiopia,SNNPR,Bench Maji,She Bench/Shay Bench,,,
Ethiopia,SNNPR,Bench Maji,Sheko,,,
Ethiopia,Oromia,West Arsi,Arsi Negele,,,
Ethiopia,Oromia,West Arsi,Siraro,,,
Ethiopia,Oromia,West Arsi,Shashemene,,,
Ethiopia,Oromia,West Arsi,Shala,,,
Ethiopia,Oromia,West Arsi,Kofele,,,
Ethiopia,Oromia,West Arsi,Kore,,,
Ethiopia,Oromia,West Arsi,Dodola,,,
Ethiopia,Oromia,West Arsi,Gedeb,,,
Ethiopia,Oromia,West Arsi,Nansebo,Refisa,,
Ethiopia,Oromia,West Arsi,Adaba,,,
Ethiopia,Sidama,Sidama,Aleta Wendo,,,
Ethiopia,Sidama,Sidama,Aroresa,,,
Ethiopia,Sidama,Sidama,Arbegona,,,
Ethiopia,Sidama,Sidama,Hawassa Zuria,,,
Ethiopia,Sidama,Sidama,Bensa/Benssa,,,
Ethiopia,Sidama,Sidama,Bursa,,,
Ethiopia,Sidama,Sidama,Boricha,,,
Ethiopia,Sidama,Sidama,Bona Zuria,,,
Ethiopia,Sidama,Sidama,Chere,,,
Ethiopia,Sidama,Sidama,Aleta Chuko,,,
Ethiopia,Sidama,Sidama,Dara,,,
Ethiopia,Sidama,Sidama,Dale,,,
Ethiopia,Sidama,Sidama,Gorche,,,
Ethiopia,Sidama,Sidama,Hula,,,
Ethiopia,Sidama,Sidama,Wondo Genet,,,
Ethiopia,Sidama,Sidama,Loko Abaya,,,
Ethiopia,Sidama,Sidama,Malga,,,
Ethiopia,Sidama,Sidama,Shebedino,,,
Ethiopia,Sidama,Sidama,Wensho,,,
Ethiopia,SNNPR,Gedeo,Bule,,,
Ethiopia,SNNPR,Gedeo,Dila Town,,,
Ethiopia,SNNPR,Gedeo,Dilazuria,,,
Ethiopia,SNNPR,Gedeo,Gedeb,Worka Sakaro,,
Ethiopia,SNNPR,Gedeo,Gedeb,Banko Gotiti,,
Ethiopia,SNNPR,Gedeo,Kochere,Chelelektu,,
Ethiopia,SNNPR,Gedeo,Kochere,Fisehagenet,,
Ethiopia,SNNPR,Gedeo,Wenago,Adame/Adamea,,
Ethiopia,SNNPR,Gedeo,Yirgacheffe,Dumerso,,
Ethiopia,SNNPR,Gedeo,Yirgacheffe,Idido,,
Ethiopia,SNNPR,Gedeo,Yirgacheffe,Gersi,,
Ethiopia,SNNPR,Gedeo,Yirgacheffe,Konga,,
Ethiopia,SNNPR,Gedeo,Yirgacheffe,Alicha,,
Ethiopia,Oromia,West Guji,Abaya,,,
Ethiopia,Oromia,West Guji,Gelana,,,
Ethiopia,Oromia,West Guji,Bule Hora,,,
Ethiopia,Oromia,West Guji,Kercha,,,
Ethiopia,Oromia,West Guji,Hambela Wamena,Alaka Korchena,,
Ethiopia,Oromia,West Guji,Hambela Wamena,Buku Sayisa,,
Ethiopia,Oromia,West Guji,Birbirsa Kojowa,,,
Ethiopia,Oromia,Guji,Adola,,,
Ethiopia,Oromia,Guji,Adola Town,,,
Ethiopia,Oromia,Guji,Ana Sora,,,
Ethiopia,Oromia,Guji,Bore,,,
Ethiopia,Oromia,Guji,Dima,,,
Ethiopia,Oromia,Guji,Girja,,,
Ethiopia,Oromia,Guji,Harenfema/Harenfama,,,
Ethiopia,Oromia,Guji,Liben,,,
Ethiopia,Oromia,Guji,Negele Town,,,
Ethiopia,Oromia,Guji,Odo Shakiso,,,
Ethiopia,Oromia,Guji,Uraga,,,
Ethiopia,Oromia,Guji,Wadera,,,
Guatemala,Huehuetenango,,Cuilco,,,
Guatemala,Huehuetenango,,Huehuetenango,,,
Guatemala,Huehuetenango,,Isnul,,,
Guatemala,Huehuetenango,,Agua Dulce,,,
Guatemala,Huehuetenango,,La Esperanza,,,
Guatemala,Huehuetenango,,Hoja Blanca,,,
Guatemala,Huehuetenango,,La Libertad,,,
Guatemala,Huehuetenango,,San Pedro Necta,,,
Guatemala,Huehuetenango,,La Democracia,,,
Guatemala,Huehuetenango,,Union Cantinil,,,
Guatemala,Jalapa,,Mataquescuintla,,,
Guatemala,Jalapa,,Monjas,,,
Guatemala,Jalapa,,Morales,,,
Guatemala,Jalapa,,Village El Pinal Monjas,,,
Guatemala,Guatemala,,Palencia,,,
Guatemala,San Marcos,,San Rafael Pie de la Cuesta,,,
Guatemala,Santa Rosa,,Casillas,,,
Guatemala,Santa Rosa,,Santa Rosa de Lima,,,
Guatemala,Santa Rosa,,Aldea Belen,,,
Guatemala,Santa Rosa,,Pueblo Nuevo Vinas,,,
Guatemala,Santa Rosa,,Barberena,,,
Guatemala,Sacatepequez,,Antigua,,,
Guatemala,Sacatepequez,,Ciudad Vieja,,,
Guatemala,Sacatepequez,,Jocotenango,,,
Guatemala,Sacatepequez,,Alotenango,,,
Guatemala,El Progreso,,San Agustin Acasaguastlan,,,
Guatemala,El Progreso,,San Cristobal Acasaguastlan,,,
Guatemala,Baja Verapaz,,Las Verapas,,,
Guatemala,Solola,,Solola,,,
Guatemala,Solola,,Santiago Atitlan,,,
Guatemala,Chimaltenango,,Acatenango,,,
Guatemala,Chimaltenango,,Alde La Pampa,,,
Guatemala,Chimaltenango,,San Martin Jilotepeque,,,
Guatemala,Chimaltenango,,Patzun,,,
Colombia,Norte de Santander,,Ragonvalia,,,
Colombia,Cauca,,Piendamo,,,
Colombia,Cauca,,Inza,,,
Colombia,Cauca,,Jambalo,,,
Colombia,Cauca,,Miranda,,,
Colombia,Cauca,,Caloto,,,
Colombia,Huila,,Gigante,,,
Colombia,Huila,,Acevedo,,,
Colombia,Cauca,,Popayan,,,
Colombia,Cauca,,Toribio,,,
Colombia,Narino,,Buesaco,,,
Colombia,Narino,,San Pedro de Cartago,,,
Colombia,Cauca,,Almaguer,,,
Colombia,Narino,,San Lorenzo,,,
Colombia,Cauca,,Santander,,,
Colombia,Narino,,Consaca,,,
Colombia,Narino,,El Tablon de Gomez,,,
Colombia,Narino,,Samaniego,,,
Colombia,Cauca,,Sotara,,,
Colombia,Narino,,Yacuanquer,,,
Colombia,Narino,,La Union,,,
Colombia,Norte de Santander,,Toledo,,,
Colombia,Norte de Santander,,Herran,,,
Colombia,Norte de Santander,,Bucarasica,,,
Colombia,Santander,,Aratoca,,,
Colombia,Santander,,Bucaramanga,,,
Colombia,Antioquia,,Concordia,,,
Colombia,Tolima,,Planadas,,,
Colombia,Antioquia,,Urrao,,,
Colombia,Antioquia,,Caicedo,,,
Colombia,Cunidinamarca,,La Mesa,,,
Colombia,Cunidinamarca,,Zipacon,,,
Colombia,Cunidinamarca,,Sasaima,,,
Colombia,Risaralda,,Marsella,,,
Colombia,Tolima,,Ibague,,,
Colombia,Tolima,,Rioblanco,,,
Colombia,Tolima,,Cajamarca,,,
Colombia,Huila,,Oporapa,,,
Colombia,Quindio,,Circasia,,,
Colombia,Quindio,,Pijao,,,
Colombia,Quindio,,Montenegro,,,
Colombia,Quindio,,Genova,,,
Colombia,Valle del Cauca,,Caicedonia,,,
Colombia,Valle del Cauca,,Pichinde,,,
Colombia,Valle del Cauca,,Trujillo,,,
Colombia,Huila,,Palestina,,,
Colombia,Huila,,Pitalito,,,
Colombia,Huila,,San Agustin,,,
Colombia,Huila,,La Argentina,,,
Colombia,Huila,,La Plata,,,
Colombia,Huila,,Miguel Angel Bonita Morales,,,
Colombia,Huila,,Guadalupe,,,
Colombia,Huila,,Suaza,,,
Colombia,Huila,,Nieva,,,
Colombia,Huila,,Algeciras,,,
Colombia,Huila,,Santa Maria,,,
Bolivia,La Paz,Caranavi,Calama,Calama,,
Bolivia,La Paz,Caranavi,Santa Fé,Loayza,,
Bolivia,La Paz,Caranavi,Taypiplaya,Amor de Dios,,
Bolivia,La Paz,Caranavi,San Pablo,San Pablo,,
Bolivia,La Paz,Caranavi,San Lorenzo,Nueva Llusta,,
Bolivia,La Paz,Caranavi,Incahuara,La Estrella,,
Bolivia,La Paz,Caranavi,Taypiplaya,Flor de Mayo,,
Bolivia,La Paz,Sud Yungas,Charia,,,
Bolivia,La Paz,Sud Yungas,Yanacachi,Takesi,,
Bolivia,La Paz,Franz Tamayo,Aten,Yanaloma,,
Bolivia,La Paz,Caranavi,Caranavi,Copacabana,,
Bolivia,La Paz,Caranavi,Caranavi,Bolinda,,
Bolivia,La Paz,Caranavi,Carrasco la Reserva,San Ignacio,,
Bolivia,La Paz,Caranavi,Carrasco la Reserva,Huchumachi/ Uchumachi,,
Bolivia,La Paz,Caranavi,Carrasco la Reserva,Sabaya,,
Bolivia,La Paz,Caranavi,Carrasco la Reserva,Chojna Pampa,,
Bolivia,La Paz,Caranavi,Chijchipani,7 estrellas,,
Bolivia,La Paz,Caranavi,Rosario Entre Rios,Alto Ascensión Segunda,,
Bolivia,La Paz,Caranavi,Rosario Entre Rios,Kantutani,,
Bolivia,La Paz,Caranavi,Rosario Entre Rios,Loa,,
Bolivia,La Paz,Caranavi,Rosario Entre Rios,8 de Septiembre,,
Bolivia,La Paz,Caranavi,Rosario Entre Rios,Manco Kapac Segunda,,
Bolivia,La Paz,Nur Yungas,Coroico,,,
Bolivia,La Paz,Caranavi,Rosario Entre Rios,Hernando de Magallanes,,
Bolivia,La Paz,Sud Yungas,Chulumani,,,
Bolivia,La Paz,Sud Yungas,Irupana,II Sección,,
Bolivia,La Paz,Sud Yungas,Chicaloma,,,
Bolivia,La Paz,Sud Yungas,Cascada,,,
Rwanda,Northern,,Burera,,,
Rwanda,Northern,,Gakenke,Coko,,
Rwanda,Northern,,Gakenke,Muhondo,,
Rwanda,Northern,,Gakenke,Muyongwe,,
Rwanda,Northern,,Gakenke,Ruli,Mbilima,
Rwanda,Southern,,Huye,Kigoma,,
Rwanda,Southern,,Huye,Maraba,,
Rwanda,Southern,,Gisagara,Gisagara,,
Rwanda,Southern,,Huye,Kinazi,,
Rwanda,Northern,,Rulindo,Burega,,
Rwanda,Northern,,Rulindo,Tumba,,
Rwanda,Southern,,Huye,Huye,,
Rwanda,Southern,,Nyanza,,,
Rwanda,Southern,,Nyamagabe,Gasaka,,
Rwanda,Southern,,Huye,Simbi,,
Rwanda,Southern,,Nyamagabe,Kamegeri,,
Rwanda,Southern,,Kamonyi,Kayumbu,,
Rwanda,Western,,Ngororero,,,
Rwanda,Western,,Karongi,Twumba,,
Rwanda,Western,,Nyabihu,Jomba,,
Rwanda,Western,,Karongi,Mubuga,,
Rwanda,Western,,Nyamasheke,Karambi,,
Rwanda,Western,,Nyamasheke,Kirimbi,,
Rwanda,Western,,Rubavu,Nyamyumba,,
Rwanda,Western,,Nyamasheke,Gihombo,,
Rwanda,Western,,Nyamasheke,Nyakarenzo,,
Rwanda,Western,,Nyamasheke,Nyabitekeri,,
Rwanda,Western,,Rusizi,Rwimbogo,,
Rwanda,Western,,Rutsiro,Boneza,,
Rwanda,Western,,Rutsiro,Kigeyo,,
Rwanda,Western,,Nyamasheke,Mahembe,Murundo,
Rwanda,Western,,Rusizi,Nzahaha,,
Rwanda,Western,,Nyamasheke,Shangi,,
Rwanda,Western,,Rutsiro,Mushubati,,
Rwanda,Western,,Rutsiro,Kivumu,,
Rwanda,Western,,Rutsiro,Mushonyi,,
Rwanda,Northern,,Rulindo,Bushoki,,
Rwanda,Northern,,Musanze,,,
Rwanda,Northern,,Gakenke,Rushahshi,,
Rwanda,Northern,,Gicumbi,Nyamiyaga,,
Rwanda,Northern,,Gicumbi,Muko,,
Rwanda,Southern,,Huye,Gishamvu,,
Rwanda,Southern,,Muhanga,Kiyumba,,
Rwanda,Southern,,Muhanga,Cyeza,,
Rwanda,Southern,,Nyamagabe,Cyanika,,
Rwanda,Southern,,Ruhango,,,
Rwanda,Southern,,Nyaruguru,Busanze,,
Rwanda,Western,,Karongi,Gitesi,,
Rwanda,Southern,,Nyaruguru,Nyagisozi,,
Rwanda,Western,,Karongi,Gishyita,,
Rwanda,Western,,Nyamasheke,Kanjongo,,
Rwanda,Western,,Rusizi,Giheke,,
Rwanda,Western,,Rusizi,Mashesha,,
Honduras,Yoro,,Morazan,,,
Honduras,Santa Barbara,,San Francisco de Ojuera,,,
Honduras,Santa Barbara,,Santa Barbara,San Luis de Planes,,
Honduras,Santa Barbara,,Las Vegas,Union Supaya,,
Honduras,Santa Barbara,,Santa Barbara,El Coquillal,,
Honduras,Santa Barbara,,Santa Barbara,Las Flores,,
Honduras,Santa Barbara,,Santa Barbara,El Sauce,,
Honduras,Santa Barbara,,Santa Barbara,La Union del Dorado,,
Honduras,Santa Barbara,,Santa Barbara,El Cielito,,
Honduras,Santa Barbara,,Santa Barbara,Las Peñitas,,
Honduras,Santa Barbara,,Santa Barbara,Los Naranjos,,
Honduras,Copan,,Corquín,El Hichozal,,
Honduras,La Paz,,Marcala,Las Flores,,
Honduras,La Paz,,Santa Ana,,,
Honduras,La Paz,,Marcala,La Mogola,,
Honduras,La Paz,,San Pedro de Tutule,,,
Honduras,La Paz,,Santiago de Puringla,El Comun,,
Honduras,La Paz,,Santa Elena,,,
Honduras,El Paraiso,,Danli,,,
Honduras,Francisco Morazan,,Guaimaca,,,
Honduras,Francisco Morazan,,Guarlaca,,,
Honduras,El Paraiso,,Teupasenti,,,
Honduras,El Paraiso,,Moroceli,,,
Honduras,El Paraiso,,Las Delicias,,,
Honduras,El Paraiso,,El Trapiche,,,
Honduras,El Paraiso,,Trojes,,,
Honduras,Santa Barbara,,Concepcion del Sur,La Peñita,,
Honduras,Santa Barbara,,Arada,El Ocotillo,,
Honduras,Yoro,,Victoria,,,
Honduras,Santa Barbara,,Concepcion del Sur,La Leona/Ojo de Aguita,,
Honduras,Santa Barbara,,Las Vegas,El Cedral,,
Honduras,Santa Barbara,,Las Vegas,Los Andes,,
Honduras,Lempira,,San Andreas,Esquimpara/San Jose Esquimpara,,
Honduras,Ocotepeque,,La Encarnacion,,,
Honduras,Intibuca,,Jesus de Otoro,El Ocotillo,,
Honduras,Lempira,,Talgua,La Lima,,
Honduras,Intibuca,,Masaguara,Pozo Negro,,
Honduras,Intibuca,,Masaguara,San Juanillo,,
Honduras,La Paz,,Cabañas,Las Breas,,
Honduras,La Paz,,Cabañas,Planes,,
Honduras,La Paz,,Chinacla,El Trapiche,,
Honduras,La Paz,,La Paz,Motecillos,,
Honduras,La Paz,,La Paz,Tepanguare,,
Honduras,La Paz,,Chinacla,La Pedrona,,
Honduras,La Paz,,Marcala,Las Acacias,,
Honduras,Comayagua,,San Sebastian,La Peñita,,
Honduras,Comayagua,,Siguatepeque,Rio Bonito,,
Honduras,Comayagua,,Villa San Antonio,,,
Honduras,Comayagua,,Comayagua,Planes,,
Honduras,La Paz,,Santiago de Puringla,Cedritos,,
Honduras,Comayagua,,San Jeronimo,,,
Honduras,Comayagua,,San Pedro de Tutule,,,
Honduras,Francisco Morazan,,Distrito Central,,,
Peru,Amazonas,Luya,Camporredondo,El Puquio,,
Peru,Cajamarca,Jaén,Las Pirias,,,
Peru,Cajamarca,Jaén,Las Delicias,,,
Peru,Cajamarca,San Ignacio,El Laurel,,,
Peru,Cajamarca,San Ignacio,La Coipa,Las Naranjas,,
Peru,Cajamarca,San Ignacio,Churuyacu,,,
Peru,Puno,Sandia,Alto Inambari,Pata Yanamayo,,
Peru,Puno,Sandia,Alto Inambari,Cruz Pata,,
Peru,Amazonas,Rodriguez de Mendoza,Guayabamba,,,
Peru,Amazonas,Chachapoyas,Jalca Grande,Triunfo,,
Peru,Amazonas,Utchubamba,Lonya Grande,Jusiva,,
Peru,Cajamarca,Chota,Querocoto,Pariamarca,,
Peru,Cajamarca,Jaén,Huabal,El Huaco,,
Peru,Cajamarca,Jaén,El Diamante,,,
Peru,Cajamarca,Jaén,Huabal,San Francisco,,
Peru,Cajamarca,Jaén,Huabal,San Antonio,,
Peru,Cajamarca,San Ignacio,San Antonio de la Balsa,,,
Peru,San Martin,Moyobamba,Solitor,,,
Peru,Junin,Chanchamayo,Perene,José Gálvez,,
Peru,Cajamarca,San Ignacio,Tabaconas,Carmen,,
Peru,Junin,Satipo,Pangoa,San Juan de Pueblo Libre,,
Peru,Junin,Satipo,Llaylla,Hermosa Pampa,,
Peru,Pasco,Oxapampa,Villa Rica,,,
Peru,Cusco,La Convencion,Huadquiña,Andiuela,,
Peru,Cusco,La Convencion,Inkawasi,Amaybamba,Choccesapra,
Peru,Cusco,La Convencion,Inkawasi,Hatumpampa,,
Peru,Cusco,La Convencion,Quelloúno,San Martin,Chirumbia,
Peru,Cusco,La Convencion,Inkawasi,Pacaybamba,,
Peru,Cusco,La Convencion,Quillabamba,Versalles,,
Peru,Cusco,Calca,Qeubrada Honda,,,
Peru,Cusco,Calca,Yanatile,Monte Salvado,,
Peru,Puno,Sandia,Alto Inambari,Pampa Grande,,
El Salvador,Ahuachapan,Apaneca-Ilamatepec,Ahuachapan,Cuyanausul,,
El Salvador,Santa Ana,Apaneca-Ilamatepec,Santa Ana,Potrero Grande Arriva,,
El Salvador,Santa Ana,Apaneca-Ilamatepec,Santa Ana,El Portezuelo,,
El Salvador,Santa Ana,Apaneca-Ilamatepec,Santa Ana,Palo de Campana,,
El Salvador,Santa Ana,Apaneca-Ilamatepec,Santa Ana,Ochupse Arriba,,
El Salvador,Santa Ana,Apaneca-Ilamatepec,Santa Ana,Planes de La Laguna,,
El Salvador,Santa Ana,Apaneca-Ilamatepec,Santa Ana,Lomas de San Marcelino,,
El Salvador,Sonsonate,Apaneca-Ilamatepec,Juayua,San Juan de Dios,,
El Salvador,Sonsonate,Apaneca-Ilamatepec,Nahuizalco,Los Arenales,,
El Salvador,Santa Ana,Apaneca-Ilamatepec,Coatepeque,,,
El Salvador,Sonsonate,Apaneca-Ilamatepec,Juayua,Los Naranjos,,
El Salvador,Sonsonate,Apaneca-Ilamatepec,Izalco,Tunalmiles,,
El Salvador,Sonsonate,Apaneca-Ilamatepec,Juayua,Portezuelo,,
El Salvador,Chalatenango,Alotepec-Metapan,La Palma,Los Planes,,
El Salvador,Chalatenango,Alotepec-Metapan,La Palma,El Tunel,,
El Salvador,Chalatenango,Alotepec-Metapan,Citala,Los Planes,,
El Salvador,Chalatenango,Alotepec-Metapan,La Palma,San Jose Sacare,,
El Salvador,Chalatenango,Alotepec-Metapan,La Reina,Talquezalar,,
El Salvador,Chalatenango,Alotepec-Metapan,San Fernando,Jocotan,,
El Salvador,La Paz,El Balsamo-Quezaltepec,,,,
El Salvador,San Salvador,El Balsamo-Quezaltepec,,,,
El Salvador,Ahuachapan,Apaneca-Ilamatepec,Apaneca,El Saltillal,,
El Salvador,Ahuachapan,Apaneca-Ilamatepec,Ahuachapan,El Anonal,,
El Salvador,Ahuachapan,Apaneca-Ilamatepec,Ahuachapan,Los Huatales,,
El Salvador,Ahuachapan,Apaneca-Ilamatepec,Apaneca,San Ramoncito,,
El Salvador,Ahuachapan,Apaneca-Ilamatepec,Tacuba/ “Patio de Balls”,,,
El Salvador,Ahuachapan,Apaneca-Ilamatepec,Apaneca,Taltapanca,,
El Salvador,Ahuachapan,Apaneca-Ilamatepec,Concepcion de Ataco,Quezalapa,,
El Salvador,Ahuachapan,Apaneca-Ilamatepec,Atiquizaya,Cerro Cachio,,
El Salvador,Santa Ana,Apaneca-Ilamatepec,El Congo,,,
El Salvador,Santa Ana,Apaneca-Ilamatepec,Chalchuapa,El Porvenir,,
El Salvador,Santa Ana,Apaneca-Ilamatepec,Chalchuapa,Buenos Aires,,
El Salvador,Santa Ana,Apaneca-Ilamatepec,Santa Ana,Calzontes Arriba,,
El Salvador,Santa Ana,Apaneca-Ilamatepec,Chalchuapa,El Porvenir Jocotillo,,
El Salvador,Santa Ana,Apaneca-Ilamatepec,Chalchuapa,Ojo de Agua,,
El Salvador,Santa Ana,Alotepec-Metapan,Metapan,El Limo/El Limo de Montecristo,,
El Salvador,Chalatenango,Alotepec-Metapan,Tejutla,,,
El Salvador,Chalatenango,Alotepec-Metapan,San Ignacio,Santa Rosa,,
El Salvador,La Libertad,El Balsamo-Quezaltepec,Quezaltepec,El Boqueron,,
El Salvador,La Libertad,El Balsamo-Quezaltepec,Jayaque,,,
El Salvador,La Libertad,El Balsamo-Quezaltepec,Nueva San Salvador/ Santa Tecla,,,
El Salvador,La Paz,Chichontepec,,,,
El Salvador,San Vicente,Chichontepec,,,,
El Salvador,La Libertad,El Balsamo-Quezaltepec,San Juan Los Planes,,,
El Salvador,La Libertad,El Balsamo-Quezaltepec,Tamanique,,,
El Salvador,Usultan,Tecapa-Chinameca,Alegría,,,
El Salvador,Usultan,Tecapa-Chinameca,Mercedes Umaña,San Jose Montanita,,
El Salvador,San Miguel,Tecapa-Chinameca,,,,
El Salvador,Usultan,Tecapa-Chinameca,Berlin,San Juan Loma Alta,,
El Salvador,Morazan,Cacahuatique,Osicala,Caserío El Tablon,,
El Salvador,San Miguel,Cacahuatique,,,,
Nicaragua,Nueva Segovia,,Dipilto,El Guácimo,,
Nicaragua,Nueva Segovia,,Dipilto,La Laguna,,
Nicaragua,Nueva Segovia,,Dipilto,El Volcan,,
Nicaragua,Nueva Segovia,,Dipilto,Las Nubes,,
Nicaragua,Nueva Segovia,,Dipilto,Los Planes,,
Nicaragua,Nueva Segovia,,Dipilto,Los Manos,,
Nicaragua,Nueva Segovia,,Japala,La Providencia,,
Nicaragua,Nueva Segovia,,Dipilto,Ojo de Agua,,
Nicaragua,Nueva Segovia,,Ocotal,,,
Nicaragua,Nueva Segovia,,Macuelizo,El Suyatal,,
Nicaragua,Nueva Segovia,,Mozonte,,,
Nicaragua,Nueva Segovia,,San Fernando,Lugar El Bayuncun,,
Nicaragua,Nueva Segovia,,San Fernando,El Ural,,
Nicaragua,Nueva Segovia,,San Fernando,Ciudad Antigua,,
Nicaragua,Madriz,,San Juan de Rio Coco,,,
Nicaragua,Jinotega,,Jinotega,El Arenal,,
Nicaragua,Madriz,,Totogalpa,,,
Nicaragua,Jinotega,,Jinotega,Lipululo,,
Nicaragua,Jinotega,,Jinotega,Laguna Verde,,
Nicaragua,Jinotega,,San Rafael del Norte,,,
Nicaragua,Nueva Segovia,,Macuelizo,Brujil,,
Nicaragua,Matagalpa,,El Tuma-La Dalia,,,
Nicaragua,Matagalpa,,Matagalpa,Yasica Sur,,
Nicaragua,Matagalpa,,San Ramon,,,
Peru,Huanuco,,,,,
Nicaragua,Estelí,,Estelí,,,
Nicaragua,Estelí,,San Jerónimo,,,
Nicaragua,Estelí,,Condega,,,
Nicaragua,Estelí,,Pueblo Nuevo,,,
Nicaragua,Matagalpa,,Santa Bárbara,,,
Nicaragua,Estelí,,San Juan de Limay,,,
Costa Rica,Alajuela,Valle Occidental/West Valley,Atenas,,,
Costa Rica,Alajuela,Valle Occidental/West Valley,Grecia,San Luis,,
Costa Rica,Alajuela,Valle Occidental/West Valley,Grecia,San Roque,,
Costa Rica,Alajuela,Valle Occidental/West Valley,Naranjo,San Rafael,,
Costa Rica,Alajuela,Valle Occidental/West Valley,Zarcero,Guadalupe,,
Costa Rica,Alajuela,Valle Occidental/West Valley,Naranjo,San Antonio,,
Costa Rica,Alajuela,Valle Occidental/West Valley,Naranjo,Los Robles,,
Costa Rica,Alajuela,Valle Occidental/West Valley,Naranjo,Lourdes,,
Costa Rica,Alajuela,Valle Occidental/West Valley,Naranjo,Llano Bonito,,
Costa Rica,Alajuela,Valle Central/Central Valley,Alajuela,Sabanilla,,
Costa Rica,San Jose,Valle Central/Central Valley,Aserrí,Aserrí,,
Costa Rica,Alajuela,Valle Central/Central Valley,Alajuela,Cerro Turrucares,,
Costa Rica,Heredia,Valle Central/Central Valley,Heredia,San Rafael,,
Costa Rica,Heredia,Valle Central/Central Valley,Heredia,San Francisco,,
Costa Rica,San Jose,Tarrazu,Desamparados,Frailes,La Violeta,
Costa Rica,San Jose,Tarrazu,Leon Cortes,San Pablo,,
Costa Rica,San Jose,Tarrazu,Leon Cortes,Santa Rosa,,
Costa Rica,San Jose,Tarrazu,El Jardin,Quebradillas,,
Costa Rica,San Jose,Tarrazu,Tarrazu,San Marcos,El Rodeo,
Costa Rica,San Jose,Tarrazu,Leon Cortes,San Francisco,,
Costa Rica,San Jose,Tarrazu,Tarrazu,San Lorenzo,,
Costa Rica,San Jose,Tarrazu,Dota,Santa María,,
Costa Rica,San Jose,Tarrazu,Tarrazu,San Marcos,Canet,
Costa Rica,San Jose,Brunca/Chirripo,Pérez Zeledón,Cajón,Cedral,
Costa Rica,Alajuela,Valle Occidental/West Valley,Grecia,Cajon,,
Costa Rica,Alajuela,Valle Occidental/West Valley,San Ramón,Piedades,,
Costa Rica,Alajuela,Valle Central/Central Valley,Alajuela,Carrizal,,
Costa Rica,San Jose,Tarrazu,Dota,Copey,,
Costa Rica,San Jose,Tarrazu,Leon Cortes,Llano Bonito,,
Costa Rica,San Jose,Tarrazu,Leon Cortes,Santa Cruz,,
Costa Rica,San Jose,Tarrazu,Tarrazu,San Marcos,Alto Canet,
Costa Rica,San Jose,Brunca/Chirripo,Pérez Zeledón,San Carlos,,
Costa Rica,San Jose,Brunca/Chirripo,Tivas,Buena Vista,,
Costa Rica,San Jose,Brunca/Chirripo,Tivas,La Piedra,,
Costa Rica,San Jose,Brunca/Chirripo,Moravia,San Jerónimo,,
Costa Rica,Alajuela,Valle Occidental/West Valley,Naranjo,San Jerónimo,,
Indonesia,Aceh,Sumatera,,,,
Ecuador,Loja,,Gonzanama,,,
Burundi,Bururi,,Bururi,Kabumburi,,
Indonesia,Jawa Barat,Jawa,,,,
Indonesia,Bali,Lesser Sunda,,,,
Indonesia,Sulawesi Selatan,Sulawesi,,,,
Indonesia,Sulawesi Barat,Sulawesi,,,,
Indonesia,Jawa Timur,Jawa,,,,
Indonesia,Jambi,Sumatera,,,,
Indonesia,Nusa Tenggara Timur/NTT,Lesser Sunda,,,,
Mexico,Mexico,,Jilotepec,,,
Mexico,Veracruz,,Atzalan,axocuapan/san bartolo,,
Mexico,Oaxaca,,Eloxochitlán,,,
Mexico,Jalisco,,Cuautitlán de García Barragán,,,
Mexico,Puebla,,Huitzilan de Serdán,,,
Mexico,Guerrero,,Atoyac de Álvarez,El Edén,,
Mexico,Chiapas,,La Concordia,,,
Mexico,Chihuahua,,Aldama,,,
Mexico,Chiapas,,Ángel Albino Corzo,,,
Mexico,Veracruz,,Tlaltetela,,,
Mexico,Campeche,,Candelaria,,,
Mexico,Veracruz,,Cosautlán de Carvajal,,,
Mexico,Veracruz,,Totutla,,,
Mexico,Veracruz,,Coatepec,,,
Mexico,Guerrero,Costa Grande,,,,
Mexico,Veracruz,,Naolinco,,,
Mexico,Veracruz,,Ixtaczoquitlán,,,
Mexico,Oaxaca,,,Santa María Yucuhiti,,
Mexico,Oaxaca,,Guelatao de Juárez,,,
Mexico,Veracruz,,Huatusco,,,
Mexico,Veracruz,,Teocelo,,,
Mexico,Veracruz,,Ixhuatlán del Sureste,,,
Mexico,Veracruz,,Ixhuatlán del Café,,,
Mexico,Oaxaca,,La Reforma,,,
Mexico,Oaxaca,,Mazatlán,,,
Mexico,Chiapas,,Motozintla,,,
Mexico,Oaxaca,,Zongolica,,,
Mexico,Chiapas,,Teopisca,,,
Mexico,Oaxaca,,Mixtepec,,,
Mexico,Veracruz,,Emiliano Zapata,,,
Mexico,Oaxaca,,Pochutla,,,
Mexico,Oaxaca,,Putla Villa de Guerrero/Putla,,,
Mexico,Oaxaca,,San Agustín Loxicha,,,
Mexico,Mexico,,Temascaltepec,,,
Mexico,Oaxaca,,San Miguel del Puerto,,,
Mexico,Chiapas,,La Concordia,,,
Mexico,Oaxaca,,San Sebastián Tutla,,,
Mexico,Guerrero,,Acatepec,,,
Mexico,Oaxaca,,Santa Cruz Acatepec,,,
Mexico,Chiapas,,Siltepec,,,
Mexico,Oaxaca,,Santiago Nuyoó,,,
Mexico,Oaxaca,,Santa María Yucuhiti,,,
Mexico,Chiapas,,Tapachula,,,
Mexico,Chiapas,,Tenejapa,,,
Mexico,Puebla,,Tlacuilotepec,,,
Mexico,Veracruz,,Texhuacán,,,
Mexico,Chiapas,,Villa Corzo,,,
Mexico,Veracruz,,Xalapa,,,
Mexico,Mexico,,Xico,,,
Mexico,Puebla,,Xicotepec,,,
Mexico,Chiapas,,Las Margaritas,,,
Mexico,Guerrero,,Zihuatanejo de Azueta,,,
Mexico,Veracruz,,Zongolica,,,
Burundi,Karuzi,,Gihogazi,,,
Burundi,Kayanza,,Gahombo,,,
Burundi,Gitega,,Mutaho,,,
Burundi,Cibitoke,,Bwayi,,,
Burundi,Kayanza,,Kayanza,Kibingo,,
Burundi,Kayanza,,Kabarore,Kazibaziba,,
Burundi,Kayanza,,Gatara,,,
Burundi,Kayanza,,Matongo,Gwiri,,
Burundi,Kayanza,,Rango,,,
Burundi,Kirundo,,Kirundo,Mpanga,,
Burundi,Muramvya,,Bukeye,Munyinya,,
Burundi,Mwaro,,Kayokwe,,,
Burundi,Muyinga,,Butihinda,,,
Burundi,Muyinga,,Muyinga,Nzove,,
Burundi,Muyinga,,Gasorwe,,,
Burundi,Ngozi,,Busiga,,,
Burundi,Ngozi,,Tangara,,,
Burundi,Rumonge,,Buranbi,,,
Burundi,Rumonge,,Buyengoro,,,
Burundi,Ngozi,,Mwumba,Nkaka,,
Burundi,Ngozi,,Gashikanwa,,,
Burundi,Rutana,,Rutana,Gitaba,,
Burundi,Kayanza,,Businde,,,
Burundi,Kayanza,,Muruta,Buziraguhindwa,,
Burundi,Ngozi,,Nyamurenza,Kagoma,,
Burundi,Ngozi,,Nyamurenza,Kinyana,,
Burundi,Kayanza,,Kayanza,Kirema,,
Burundi,Bujumbura Rural,,,,,
Burundi,Kirundo,,Ntega,,,
Burundi,Kayanza,,Kayanza,Nemba,,
Burundi,Kayanza,,Kayanza,Yandaro,,
Burundi,Gitega,,Buraza,,,
Burundi,Gitega,,Bukirasazi,,,
Burundi,Kayanza,,Butaganzwa,,,
Burundi,Muyinga,,Gashoho,,,
Burundi,Gitega,,Gishubi,,,
Burundi,Muramvya,,Kiganda,,,
Burundi,Ngozi,,Marangara,,,
Burundi,Cibitoke,,Murwi,,,
Burundi,Kayanza,,Muhanga,,,
Burundi,Muyinga,,Mwakiro,,,
Burundi,Gitega,,Nyarusange,,,
Burundi,Mwaro,,Nyabihanga,,,
Burundi,Karuzi,,Shombo,,,
Burundi,Kirundo,,Vumbi,,,
Ecuador,Pichincha,,Quito,Guayllabamba,,
Ecuador,Zamora Chinchipe,,Chinchipe,,,
Ecuador,Imbabura,,Ibarra,,,
Ecuador,Chimborazo,,Pallatanga,,,
Ecuador,Loja,,Loja,,,
Ecuador,Loja,,Quilanga,,,
Ecuador,Loja,,Saraguro/Sarakuru,,,
Ecuador,Loja,,Sozoranga,,,
Ecuador,Pichincha,,Pedro Moncayo,,,
Ecuador,Zamora Chinchipe,,Zamora,,,